"DESCRIPTION","DURATION IN MS","NAME","PARENT SUITE","START TIME","STATUS","STOP TIME","SUB SUITE","SUITE","TEST CLASS","TEST METHOD"
"","4042","Cadastro de entregador Moto","","Thu Oct 08 15:14:11 UTC 2026","passed","Thu Oct 08 15:14:15 UTC 2026","","Signup","Signup","Cadastro de entregador Moto"
"","2375","Cadastro de entregador Bike Elétrica","","Thu Oct 08 15:14:15 UTC 2026","passed","Thu Oct 08 15:14:18 UTC 2026","","Signup","Signup","Cadastro de entregador Bike Elétrica"
"","361","postalcode is requered","","Thu Oct 08 15:14:28 UTC 2026","passed","Thu Oct 08 15:14:29 UTC 2026","","Signup Campos Obrigatorios","Signup Campos Obrigatorios","postalcode is requered"
"","2238","Cadastro de entregador Van/Carro","","Thu Oct 08 15:14:18 UTC 2026","passed","Thu Oct 08 15:14:20 UTC 2026","","Signup","Signup","Cadastro de entregador Van/Carro"
"","328","delivery_method is requered","","Thu Oct 08 15:14:29 UTC 2026","passed","Thu Oct 08 15:14:29 UTC 2026","","Signup Campos Obrigatorios","Signup Campos Obrigatorios","delivery_method is requered"
"","316","cpf is requered","","Thu Oct 08 15:14:28 UTC 2026","passed","Thu Oct 08 15:14:28 UTC 2026","","Signup Campos Obrigatorios","Signup Campos Obrigatorios","cpf is requered"
"","314","email is requered","","Thu Oct 08 15:14:28 UTC 2026","passed","Thu Oct 08 15:14:28 UTC 2026","","Signup Campos Obrigatorios","Signup Campos Obrigatorios","email is requered"
"","333","number is requered","","Thu Oct 08 15:14:29 UTC 2026","passed","Thu Oct 08 15:14:29 UTC 2026","","Signup Campos Obrigatorios","Signup Campos Obrigatorios","number is requered"
"","2368","Email invalido","","Thu Oct 08 15:14:25 UTC 2026","passed","Thu Oct 08 15:14:27 UTC 2026","","Signup","Signup","Email invalido"
"","330","cnh is requered","","Thu Oct 08 15:14:29 UTC 2026","passed","Thu Oct 08 15:14:30 UTC 2026","","Signup Campos Obrigatorios","Signup Campos Obrigatorios","cnh is requered"
"","2380","Cadastro de entregador aleatorio","","Thu Oct 08 15:14:20 UTC 2026","passed","Thu Oct 08 15:14:22 UTC 2026","","Signup","Signup","Cadastro de entregador aleatorio"
"","309","name is requered","","Thu Oct 08 15:14:27 UTC 2026","passed","Thu Oct 08 15:14:27 UTC 2026","","Signup Campos Obrigatorios","Signup Campos Obrigatorios","name is requered"
"","2359","CPF Invalido","","Thu Oct 08 15:14:22 UTC 2026","passed","Thu Oct 08 15:14:25 UTC 2026","","Signup","Signup","CPF Invalido"
